{"minical": {"tsys_pm": [34.63847348376275, 35.795053376784516, 34.61208582306991, 34.61208582306991], "x": [[3.202e-08, 7.492e-08, 2.917e-07, 3.3163999999999997e-07], [4.2059999999999994e-08, 1.0794e-07, 3.4248e-07, 3.9968000000000004e-07], [2.7999999999999996e-08, 6.95e-08, 2.0678e-07, 2.4497999999999996e-07], [6.006e-08, 1.8226000000000002e-07, 5.423399999999999e-07, 6.5648e-07]], "Tquadratic": [[34.63847348376275, 81.55108314022624, 327.44200000000006, 374.3546096564635], [35.795053376784516, 96.12512112890533, 327.442, 387.77206775212085], [37.67856800662348, 101.97164753087716, 323.92199999999997, 388.21507952425367], [34.61208582306991, 106.01912326914847, 323.9219999999999, 395.32903744607853]], "tsysfactors": [1081776186.251179, 851047393.6468027, 1345663143.0936959, 576291805.2459193], "Tlinear": [[35.94341049022969, 84.09994734316079, 327.44200000000006, 372.2758480630785], [38.62777322372284, 101.96270851438639, 327.442, 382.4322595419848], [39.34816628992628, 105.4059697297297, 323.92199999999997, 384.72701425061416], [35.86125697005458, 108.85002448738753, 323.9219999999999, 392.09661476618965]]}, "settings": {"IF_hybrid_state": {"R1-24P2": 0, "R2-26P1": 0, "R2-24P2": 0, "R1-20P1": 0, "R2-22P2": 0, "R1-20P2": 0, "R1-24P1": 0, "R1-18P1": 0, "R1-18P2": 0, "R2-22P1": 0, "R2-26P2": 0, "R2-20P2": 0, "R2-20P1": 0, "R2-24P1": 0, "R2-18P1": 0, "R1-22P2": 0, "R1-22P1": 0, "R2-18P2": 0, "R1-26P2": 0, "R1-26P1": 0}, "attens": {"R1-26-H": [15, "dB"], "R1-22-H": [15, "dB"], "R2-22-H": [0, "dB"], "R1-24-H": [0, "dB"], "R1-20-E": [15, "dB"], "R2-22-E": [15, "dB"], "R1-22-E": [15, "dB"], "R1-20-H": [15, "dB"], "R1-24-E": [15, "dB"], "R1-26-E": [15, "dB"], "R1-18-H": [15, "dB"], "R2-18-E": [15, "dB"], "R2-18-H": [15, "dB"], "R1-18-E": [15, "dB"], "R2-20-H": [15, "dB"], "R2-26-E": [15, "dB"], "R2-24-H": [15, "dB"], "R2-26-H": [15, "dB"], "R2-24-E": [15, "dB"], "R2-20-E": [15, "dB"]}, "polarizer_state": {"R2-26": 0, "R2-24": 0, "R2-22": 0, "R2-20": 0, "R2-18": 0, "R1-18": 0, "R1-22": 0, "R1-20": 0, "R1-26": 0, "R1-24": 0}, "time": "Mon Oct 16 21:38:28 2017", "noise_diode_state": false, "feed_state": ["sky", "sky"], "cross_switch_state": {"1": false, "2": false}, "lo_lock_state": [true, true, true, true, true], "band_state": 24}}